"","boroughs","income","rank","income.norm"
"1","newham",28780,6,0
"2","camden",43750,5,0.429678530424799
"3","westminster",47510,3,0.53760045924225
"4","kensington",55620,2,0.770378874856487
"5","hammersmith",43820,4,0.431687715269805
"6","city",63620,1,1
